id,asset_name,seller,location,closing_date,closing_period,date_precision,transaction_type,interest_sold_pct,unit_count,disclosed_value_usd,disclosed_value_type,net_cash_proceeds_usd,cost_basis_usd,reported_gain_usd,measurement_type,gain_scope,realized_cash_profit_usd,realized_irr,evidence_status,source_url,source_locator,accessed_utc,limitations,note_path
deal-0001,AVA Belltown,AvalonBay Communities,"Seattle, WA",,Q2 2024,quarter,asset_sale,100.0,100,34000000,gross_sales_price,,,22673000,reported_accounting_disposition_gain,consolidated_reported,,,completed_positive_reported_gain,https://www.sec.gov/Archives/edgar/data/915912/000091591224000021/avb-20240930.htm,"Note 6, Real Estate Disposition Activities; table dollars in thousands",2026-10-03,"Original purchase price, complete holding-period cash flows, financing costs, taxes and overhead are not disclosed in this selected transaction record. Reported gain is not cash profit or IRR. ",09-Closed-Deals/deal-0001 AVA Belltown.md
deal-0002,AVA North Hollywood,AvalonBay Communities,"Los Angeles, CA",,Q2 2024,quarter,asset_sale,100.0,156,62100000,gross_sales_price,,,874000,reported_accounting_disposition_gain,consolidated_reported,,,completed_positive_reported_gain,https://www.sec.gov/Archives/edgar/data/915912/000091591224000021/avb-20240930.htm,"Note 6, Real Estate Disposition Activities; table dollars in thousands",2026-10-03,"Original purchase price, complete holding-period cash flows, financing costs, taxes and overhead are not disclosed in this selected transaction record. Reported gain is not cash profit or IRR. ",09-Closed-Deals/deal-0002 AVA North Hollywood.md
deal-0003,Avalon Hackensack at Riverside,AvalonBay Communities,"Hackensack, NJ",,Q2 2024,quarter,asset_sale,100.0,226,85600000,gross_sales_price,,,44834000,reported_accounting_disposition_gain,consolidated_reported,,,completed_positive_reported_gain,https://www.sec.gov/Archives/edgar/data/915912/000091591224000021/avb-20240930.htm,"Note 6, Real Estate Disposition Activities; table dollars in thousands",2026-10-03,"Original purchase price, complete holding-period cash flows, financing costs, taxes and overhead are not disclosed in this selected transaction record. Reported gain is not cash profit or IRR. ",09-Closed-Deals/deal-0003 Avalon Hackensack at Riverside.md
deal-0004,AVA Theater District,AvalonBay Communities,"Boston, MA",,Q3 2024,quarter,asset_sale,100.0,398,212000000,gross_sales_price,,,77254000,reported_accounting_disposition_gain,consolidated_reported,,,completed_positive_reported_gain,https://www.sec.gov/Archives/edgar/data/915912/000091591224000021/avb-20240930.htm,"Note 6, Real Estate Disposition Activities; table dollars in thousands",2026-10-03,"Original purchase price, complete holding-period cash flows, financing costs, taxes and overhead are not disclosed in this selected transaction record. Reported gain is not cash profit or IRR. ",09-Closed-Deals/deal-0004 AVA Theater District.md
deal-0005,Avalon Darien,AvalonBay Communities,"Darien, CT",,Q3 2024,quarter,asset_sale,100.0,189,120000000,gross_sales_price,,,95732000,reported_accounting_disposition_gain,consolidated_reported,,,completed_positive_reported_gain,https://www.sec.gov/Archives/edgar/data/915912/000091591224000021/avb-20240930.htm,"Note 6, Real Estate Disposition Activities; table dollars in thousands",2026-10-03,"Original purchase price, complete holding-period cash flows, financing costs, taxes and overhead are not disclosed in this selected transaction record. Reported gain is not cash profit or IRR. ",09-Closed-Deals/deal-0005 Avalon Darien.md
deal-0006,eaves Daly City,AvalonBay Communities,"Daly City, CA",,Q2 2023,quarter,asset_sale,100.0,195,67000000,gross_sales_price,,,54618000,reported_accounting_disposition_gain,consolidated_reported,,,completed_positive_reported_gain,https://investors.avalonbay.com/sec-filings/all-sec-filings/content/0000915912-23-000018/avb-20230930.htm,"Note 6, Real Estate Disposition Activities; table dollars in thousands",2026-10-03,"Original purchase price, complete holding-period cash flows, financing costs, taxes and overhead are not disclosed in this selected transaction record. Reported gain is not cash profit or IRR. ",09-Closed-Deals/deal-0006 eaves Daly City.md
deal-0007,Avalon at Newton Highlands,AvalonBay Communities,"Newton, MA",,Q2 2023,quarter,asset_sale,100.0,294,170000000,gross_sales_price,,,132723000,reported_accounting_disposition_gain,consolidated_reported,,,completed_positive_reported_gain,https://investors.avalonbay.com/sec-filings/all-sec-filings/content/0000915912-23-000018/avb-20230930.htm,"Note 6, Real Estate Disposition Activities; table dollars in thousands",2026-10-03,"Original purchase price, complete holding-period cash flows, financing costs, taxes and overhead are not disclosed in this selected transaction record. Reported gain is not cash profit or IRR. ",09-Closed-Deals/deal-0007 Avalon at Newton Highlands.md
deal-0008,Avalon Columbia Pike,AvalonBay Communities,"Arlington, VA",,Q3 2023,quarter,asset_sale,100.0,269,105000000,gross_sales_price,,,22345000,reported_accounting_disposition_gain,consolidated_reported,,,completed_positive_reported_gain,https://investors.avalonbay.com/sec-filings/all-sec-filings/content/0000915912-23-000018/avb-20230930.htm,"Note 6, Real Estate Disposition Activities; table dollars in thousands",2026-10-03,"Original purchase price, complete holding-period cash flows, financing costs, taxes and overhead are not disclosed in this selected transaction record. Reported gain is not cash profit or IRR. ",09-Closed-Deals/deal-0008 Avalon Columbia Pike.md
deal-0009,Avalon West Long Branch,AvalonBay Communities,"West Long Branch, NJ",,Q1 2022,quarter,asset_sale,100.0,180,75000000,gross_sales_price,,,56434000,reported_accounting_disposition_gain,consolidated_reported,,,completed_positive_reported_gain,https://www.sec.gov/Archives/edgar/data/915912/000091591222000020/avb-20220930.htm,"Note 6, Real Estate Disposition Activities; table dollars in thousands",2026-10-03,"Original purchase price, complete holding-period cash flows, financing costs, taxes and overhead are not disclosed in this selected transaction record. Reported gain is not cash profit or IRR. ",09-Closed-Deals/deal-0009 Avalon West Long Branch.md
deal-0010,Avalon Ossining,AvalonBay Communities,"Ossining, NY",,Q1 2022,quarter,asset_sale,100.0,168,70000000,gross_sales_price,,,40512000,reported_accounting_disposition_gain,consolidated_reported,,,completed_positive_reported_gain,https://www.sec.gov/Archives/edgar/data/915912/000091591222000020/avb-20220930.htm,"Note 6, Real Estate Disposition Activities; table dollars in thousands",2026-10-03,"Original purchase price, complete holding-period cash flows, financing costs, taxes and overhead are not disclosed in this selected transaction record. Reported gain is not cash profit or IRR. ",09-Closed-Deals/deal-0010 Avalon Ossining.md
deal-0011,Avalon East Norwalk,AvalonBay Communities,"Norwalk, CT",,Q1 2022,quarter,asset_sale,100.0,240,90000000,gross_sales_price,,,51762000,reported_accounting_disposition_gain,consolidated_reported,,,completed_positive_reported_gain,https://www.sec.gov/Archives/edgar/data/915912/000091591222000020/avb-20220930.htm,"Note 6, Real Estate Disposition Activities; table dollars in thousands",2026-10-03,"Original purchase price, complete holding-period cash flows, financing costs, taxes and overhead are not disclosed in this selected transaction record. Reported gain is not cash profit or IRR. ",09-Closed-Deals/deal-0011 Avalon East Norwalk.md
deal-0012,Avalon Green I-II-III,AvalonBay Communities,"Elmsford, NY",,Q3 2022,quarter,portfolio_asset_sale,100.0,617,306000000,gross_sales_price,,,196466000,reported_accounting_disposition_gain,consolidated_reported,,,completed_positive_reported_gain,https://www.sec.gov/Archives/edgar/data/915912/000091591222000020/avb-20220930.htm,"Note 6, Real Estate Disposition Activities; table dollars in thousands",2026-10-03,"Original purchase price, complete holding-period cash flows, financing costs, taxes and overhead are not disclosed in this selected transaction record. Reported gain is not cash profit or IRR. ",09-Closed-Deals/deal-0012 Avalon Green I-II-III.md
deal-0013,Avalon Del Mar Station,AvalonBay Communities,"Pasadena, CA",,Q3 2022,quarter,asset_sale,100.0,347,172300000,gross_sales_price,,,77141000,reported_accounting_disposition_gain,consolidated_reported,,,completed_positive_reported_gain,https://www.sec.gov/Archives/edgar/data/915912/000091591222000020/avb-20220930.htm,"Note 6, Real Estate Disposition Activities; table dollars in thousands",2026-10-03,"Original purchase price, complete holding-period cash flows, financing costs, taxes and overhead are not disclosed in this selected transaction record. Reported gain is not cash profit or IRR. ",09-Closed-Deals/deal-0013 Avalon Del Mar Station.md
deal-0014,Avalon Sharon,AvalonBay Communities,"Sharon, MA",,Q3 2022,quarter,asset_sale,100.0,156,65650000,gross_sales_price,,,44355000,reported_accounting_disposition_gain,consolidated_reported,,,completed_positive_reported_gain,https://www.sec.gov/Archives/edgar/data/915912/000091591222000020/avb-20220930.htm,"Note 6, Real Estate Disposition Activities; table dollars in thousands",2026-10-03,"Original purchase price, complete holding-period cash flows, financing costs, taxes and overhead are not disclosed in this selected transaction record. Reported gain is not cash profit or IRR. ",09-Closed-Deals/deal-0014 Avalon Sharon.md
deal-0015,eaves Stamford,AvalonBay Communities,"Stamford, CT",,Q1 2021,quarter,asset_sale,100.0,238,72000000,gross_sales_price,,,53775000,reported_accounting_disposition_gain,consolidated_reported,,,completed_positive_reported_gain,https://www.sec.gov/Archives/edgar/data/915912/000091591221000023/avb-20210930.htm,"Note 6, Real Estate Disposition Activities; table dollars in thousands",2026-10-03,"Original purchase price, complete holding-period cash flows, financing costs, taxes and overhead are not disclosed in this selected transaction record. Reported gain is not cash profit or IRR. ",09-Closed-Deals/deal-0015 eaves Stamford.md
deal-0016,Avalon Norwalk,AvalonBay Communities,"Norwalk, CT",,Q2 2021,quarter,asset_sale,100.0,311,103000000,gross_sales_price,,,48912000,reported_accounting_disposition_gain,consolidated_reported,,,completed_positive_reported_gain,https://www.sec.gov/Archives/edgar/data/915912/000091591221000023/avb-20210930.htm,"Note 6, Real Estate Disposition Activities; table dollars in thousands",2026-10-03,"Original purchase price, complete holding-period cash flows, financing costs, taxes and overhead are not disclosed in this selected transaction record. Reported gain is not cash profit or IRR. ",09-Closed-Deals/deal-0016 Avalon Norwalk.md
deal-0017,AVA Cortez Hill,AvalonBay Communities,"San Diego, CA",,Q2 2021,quarter,asset_sale,100.0,299,96500000,gross_sales_price,,,75716000,reported_accounting_disposition_gain,consolidated_reported,,,completed_positive_reported_gain,https://www.sec.gov/Archives/edgar/data/915912/000091591221000023/avb-20210930.htm,"Note 6, Real Estate Disposition Activities; table dollars in thousands",2026-10-03,"Original purchase price, complete holding-period cash flows, financing costs, taxes and overhead are not disclosed in this selected transaction record. Reported gain is not cash profit or IRR. ",09-Closed-Deals/deal-0017 AVA Cortez Hill.md
deal-0018,Avalon Redmond Place,AvalonBay Communities,"Redmond, WA",,Q2 2021,quarter,asset_sale,100.0,222,97700000,gross_sales_price,,,72929000,reported_accounting_disposition_gain,consolidated_reported,,,completed_positive_reported_gain,https://www.sec.gov/Archives/edgar/data/915912/000091591221000023/avb-20210930.htm,"Note 6, Real Estate Disposition Activities; table dollars in thousands",2026-10-03,"Original purchase price, complete holding-period cash flows, financing costs, taxes and overhead are not disclosed in this selected transaction record. Reported gain is not cash profit or IRR. ",09-Closed-Deals/deal-0018 Avalon Redmond Place.md
deal-0019,Avalon Bronxville,AvalonBay Communities,"Bronxville, NY",,Q2 2021,quarter,asset_sale,100.0,110,89000000,gross_sales_price,,,71773000,reported_accounting_disposition_gain,consolidated_reported,,,completed_positive_reported_gain,https://www.sec.gov/Archives/edgar/data/915912/000091591221000023/avb-20210930.htm,"Note 6, Real Estate Disposition Activities; table dollars in thousands",2026-10-03,"Original purchase price, complete holding-period cash flows, financing costs, taxes and overhead are not disclosed in this selected transaction record. Reported gain is not cash profit or IRR. ",09-Closed-Deals/deal-0019 Avalon Bronxville.md
deal-0020,Avalon Glen Cove and Glen Cove North,AvalonBay Communities,"Glen Cove, NY",,Q2 2021,quarter,portfolio_asset_sale,100.0,367,126000000,gross_sales_price,,,65242000,reported_accounting_disposition_gain,consolidated_reported,,,completed_positive_reported_gain,https://www.sec.gov/Archives/edgar/data/915912/000091591221000023/avb-20210930.htm,"Note 6, Real Estate Disposition Activities; table dollars in thousands",2026-10-03,"Original purchase price, complete holding-period cash flows, financing costs, taxes and overhead are not disclosed in this selected transaction record. Reported gain is not cash profit or IRR. ",09-Closed-Deals/deal-0020 Avalon Glen Cove and Glen Cove North.md
deal-0021,Avalon Shelton,AvalonBay Communities,"Shelton, CT",,Q1 2020,quarter,asset_sale,100.0,250,64750000,gross_sales_price,,,24413000,reported_accounting_disposition_gain,consolidated_reported,,,completed_positive_reported_gain,https://www.sec.gov/Archives/edgar/data/915912/000091591220000027/avb-20200930.htm,"Note 6, disposition table; table dollars in thousands",2026-10-03,"Original purchase price, complete holding-period cash flows, financing costs, taxes and overhead are not disclosed in this selected transaction record. Reported gain is not cash profit or IRR. ",09-Closed-Deals/deal-0021 Avalon Shelton.md
deal-0022,Avalon Tinton Falls,AvalonBay Communities,"Tinton Falls, NJ",,Q2 2020,quarter,asset_sale,100.0,216,64900000,gross_sales_price,,,35297000,reported_accounting_disposition_gain,consolidated_reported,,,completed_positive_reported_gain,https://www.sec.gov/Archives/edgar/data/915912/000091591220000027/avb-20200930.htm,"Note 6, disposition table; table dollars in thousands",2026-10-03,"Original purchase price, complete holding-period cash flows, financing costs, taxes and overhead are not disclosed in this selected transaction record. Reported gain is not cash profit or IRR. ",09-Closed-Deals/deal-0022 Avalon Tinton Falls.md
deal-0023,Avalon Wilton on River Road,AvalonBay Communities,"Wilton, CT",,Q1 2025,quarter,asset_sale,100.0,102,65100000,gross_sales_price,,,56476000,reported_accounting_disposition_gain,consolidated_reported,,,completed_positive_reported_gain,https://investors.avalonbay.com/sec-filings/all-sec-filings/content/0000915912-25-000019/avb-20250630.htm,"Note 6, Real Estate Disposition Activities; table dollars in thousands",2026-10-03,"Original purchase price, complete holding-period cash flows, financing costs, taxes and overhead are not disclosed in this selected transaction record. Reported gain is not cash profit or IRR. ",09-Closed-Deals/deal-0023 Avalon Wilton on River Road.md
deal-0024,Avalon Wesmont Station I and II,AvalonBay Communities,"Wood-Ridge, NJ",,Q2 2025,quarter,portfolio_asset_sale,100.0,406,161500000,gross_sales_price,,,99636000,reported_accounting_disposition_gain,consolidated_reported,,,completed_positive_reported_gain,https://investors.avalonbay.com/sec-filings/all-sec-filings/content/0000915912-25-000019/avb-20250630.htm,"Note 6, Real Estate Disposition Activities; table dollars in thousands",2026-10-03,"Original purchase price, complete holding-period cash flows, financing costs, taxes and overhead are not disclosed in this selected transaction record. Reported gain is not cash profit or IRR. ",09-Closed-Deals/deal-0024 Avalon Wesmont Station I and II.md
deal-0025,Avalon Sunset Towers,AvalonBay Communities,"San Francisco, CA",,Q1 2026,quarter,asset_sale,100.0,243,105000000,gross_sales_price,,,85567000,reported_accounting_disposition_gain,consolidated_reported,,,completed_positive_reported_gain,https://www.sec.gov/Archives/edgar/data/915912/000091591226000012/avb-20260331.htm,"Note 6, Real Estate Disposition Activities; table dollars in thousands",2026-10-03,"Original purchase price, complete holding-period cash flows, financing costs, taxes and overhead are not disclosed in this selected transaction record. Reported gain is not cash profit or IRR. ",09-Closed-Deals/deal-0025 Avalon Sunset Towers.md
deal-0026,Avalon White Plains,AvalonBay Communities,"White Plains, NY",,Q1 2026,quarter,asset_sale,100.0,407,166000000,gross_sales_price,,,84408000,reported_accounting_disposition_gain,consolidated_reported,,,completed_positive_reported_gain,https://www.sec.gov/Archives/edgar/data/915912/000091591226000012/avb-20260331.htm,"Note 6, Real Estate Disposition Activities; table dollars in thousands",2026-10-03,"Original purchase price, complete holding-period cash flows, financing costs, taxes and overhead are not disclosed in this selected transaction record. Reported gain is not cash profit or IRR. ",09-Closed-Deals/deal-0026 Avalon White Plains.md
deal-0027,Avalon The Albemarle,AvalonBay Communities,"Washington, DC",,Q1 2026,quarter,asset_sale,100.0,234,69750000,gross_sales_price,,,9713000,reported_accounting_disposition_gain,consolidated_reported,,,completed_positive_reported_gain,https://www.sec.gov/Archives/edgar/data/915912/000091591226000012/avb-20260331.htm,"Note 6, Real Estate Disposition Activities; table dollars in thousands",2026-10-03,"Original purchase price, complete holding-period cash flows, financing costs, taxes and overhead are not disclosed in this selected transaction record. Reported gain is not cash profit or IRR. ",09-Closed-Deals/deal-0027 Avalon The Albemarle.md
deal-0028,Avalon New Canaan-Berkeley-AVA Ballard Q4 aggregate,AvalonBay Communities,"New Canaan, CT / Berkeley, CA / Seattle, WA",,Q4 2024,quarter,aggregate_completed_asset_sales,100.0,463,212500000,gross_sales_price,,,121841000,reported_accounting_disposition_gain,consolidated_reported,,,completed_positive_reported_gain,https://www.sec.gov/Archives/edgar/data/915912/000091591225000003/q42024ex-992.htm,"Disposition Activity, Q4 2024; dollars stated in whole USD",2026-10-03,"Original purchase price, complete holding-period cash flows, financing costs, taxes and overhead are not disclosed in this selected transaction record. Reported gain is not cash profit or IRR. Aggregate for three communities only; no individual gain allocation is disclosed here. Economic Gain separately reported as USD 69,949,000 under issuer methodology.",09-Closed-Deals/deal-0028 Avalon New Canaan-Berkeley-AVA Ballard Q4 aggregate.md
deal-0029,The Park Loggia 2020 nine-month condo sales,AvalonBay Communities,"New York, NY",,2020-01-01 through 2020-09-30,period,aggregate_completed_condominium_sales,100.0,59,182512000,gross_sales_price,,,8174000,reported_accounting_disposition_gain,consolidated_reported,,,completed_positive_reported_gain,https://www.sec.gov/Archives/edgar/data/915912/000091591220000027/avb-20200930.htm,"Note 6, disposition table; table dollars in thousands",2026-10-03,"Original purchase price, complete holding-period cash flows, financing costs, taxes and overhead are not disclosed in this selected transaction record. Reported gain is not cash profit or IRR. Marketing and administrative costs of USD 4,012,000 were separately reported for the nine months; the selected reported gain excludes these separately listed costs.",09-Closed-Deals/deal-0029 The Park Loggia 2020 nine-month condo sales.md
deal-0030,The Park Loggia 2021 nine-month condo sales,AvalonBay Communities,"New York, NY",,2021-01-01 through 2021-09-30,period,aggregate_completed_condominium_sales,100.0,43,107278000,gross_sales_price,,,2051000,reported_accounting_disposition_gain,consolidated_reported,,,completed_positive_transaction_gain_negative_after_selected_period_costs,https://www.sec.gov/Archives/edgar/data/915912/000091591221000023/avb-20210930.htm,"Note 6, Real Estate Disposition Activities; table dollars in thousands",2026-10-03,"Original purchase price, complete holding-period cash flows, financing costs, taxes and overhead are not disclosed in this selected transaction record. Reported gain is not cash profit or IRR. The selected reported gain is positive before separately reported marketing, operating and administrative costs of USD 3,453,000; the broader period result after those costs is negative. This is not a net-profitable cash case.",09-Closed-Deals/deal-0030 The Park Loggia 2021 nine-month condo sales.md
deal-0031,The Park Loggia 2022 nine-month condo sales,AvalonBay Communities,"New York, NY",,2022-01-01 through 2022-09-30,period,aggregate_completed_condominium_sales,100.0,38,120328000,gross_sales_price,,,2113000,reported_accounting_disposition_gain,consolidated_reported,,,completed_positive_reported_gain,https://www.sec.gov/Archives/edgar/data/915912/000091591222000020/avb-20220930.htm,"Note 6, Real Estate Disposition Activities; table dollars in thousands",2026-10-03,"Original purchase price, complete holding-period cash flows, financing costs, taxes and overhead are not disclosed in this selected transaction record. Reported gain is not cash profit or IRR. Marketing, operating and administrative costs of USD 1,644,000 were separately reported; selected gain is before those costs.",09-Closed-Deals/deal-0031 The Park Loggia 2022 nine-month condo sales.md
deal-0032,The Park Loggia 2023 nine-month condo sales,AvalonBay Communities,"New York, NY",,2023-01-01 through 2023-09-30,period,aggregate_completed_condominium_sales,100.0,4,19397000,gross_sales_price,,,461000,reported_accounting_disposition_gain,consolidated_reported,,,completed_positive_reported_gain,https://investors.avalonbay.com/sec-filings/all-sec-filings/content/0000915912-23-000018/avb-20230930.htm,"Note 6, Real Estate Disposition Activities; table dollars in thousands",2026-10-03,"Original purchase price, complete holding-period cash flows, financing costs, taxes and overhead are not disclosed in this selected transaction record. Reported gain is not cash profit or IRR. Marketing, operating and administrative costs of USD 272,000 were separately reported; selected gain is before those costs.",09-Closed-Deals/deal-0032 The Park Loggia 2023 nine-month condo sales.md
deal-0033,One Vanderbilt Avenue 11 percent sale,SL Green Realty,"New York, NY",,2024-11,month,joint_venture_interest_sale,11.0,,4700000000,gross_whole_asset_valuation,,,187600000,reported_accounting_disposition_gain,seller_share,,,completed_positive_reported_gain,https://www.sec.gov/Archives/edgar/data/1040971/000104097125000019/R26.htm,Disposition of Joint Venture Interests or Properties; values in millions,2026-10-03,"Original purchase price, complete holding-period cash flows, financing costs, taxes and overhead are not disclosed in this selected transaction record. Reported gain is not cash profit or IRR. Gross asset valuation is not the seller's proceeds. Table gains are seller share, include accrued compensation adjustments at reporting-period level, and exclude later expense adjustments.",09-Closed-Deals/deal-0033 One Vanderbilt Avenue 11 percent sale.md
deal-0034,717 Fifth Avenue 10.92 percent sale,SL Green Realty,"New York, NY",,2024-01,month,joint_venture_interest_sale,10.92,,963000000,gross_whole_asset_valuation,,,26900000,reported_accounting_disposition_gain,seller_share,,,completed_positive_reported_gain,https://www.sec.gov/Archives/edgar/data/1040971/000104097125000019/R26.htm,Disposition of Joint Venture Interests or Properties; values in millions,2026-10-03,"Original purchase price, complete holding-period cash flows, financing costs, taxes and overhead are not disclosed in this selected transaction record. Reported gain is not cash profit or IRR. Gross asset valuation is not the seller's proceeds. Table gains are seller share, include accrued compensation adjustments at reporting-period level, and exclude later expense adjustments.",09-Closed-Deals/deal-0034 717 Fifth Avenue 10.92 percent sale.md
deal-0035,One Vanderbilt Avenue 5 percent sale,SL Green Realty,"New York, NY",,2025-09,month,joint_venture_interest_sale,5.0,,4700000000,gross_whole_asset_valuation,,,88100000,reported_accounting_disposition_gain,seller_share,,,completed_positive_reported_gain,https://www.sec.gov/Archives/edgar/data/1040971/000162828026008669/R50.htm,Disposition table; gross asset values and seller share gains in millions,2026-10-03,"Original purchase price, complete holding-period cash flows, financing costs, taxes and overhead are not disclosed in this selected transaction record. Reported gain is not cash profit or IRR. The annual table reports USD 88.1 million seller-share gain; the earlier quarterly table reported USD 87.3 million. This record uses the later annual figure. USD 4.7 billion is whole-asset valuation, not seller proceeds.",09-Closed-Deals/deal-0035 One Vanderbilt Avenue 5 percent sale.md
deal-0036,605 West 42nd Street Sky 20 percent sale,SL Green Realty,"New York, NY",,2021-06,month,joint_venture_interest_sale,20.0,,858100000,gross_whole_asset_valuation,,,8900000,reported_accounting_disposition_gain,seller_share,,,completed_positive_reported_gain,https://www.sec.gov/Archives/edgar/data/1040971/000104097122000014/R49.htm,"Disposition table for 2021, 2020 and 2019; values in millions",2026-10-03,"Original purchase price, complete holding-period cash flows, financing costs, taxes and overhead are not disclosed in this selected transaction record. Reported gain is not cash profit or IRR. Table gains are seller share and may reflect transaction accounting beyond gross asset valuation; never infer a negative cost basis from subtraction. Subsequent expense adjustments are excluded.",09-Closed-Deals/deal-0036 605 West 42nd Street Sky 20 percent sale.md
deal-0037,333 East 22nd Street 33.33 percent sale,SL Green Realty,"New York, NY",,2020-12,month,joint_venture_interest_sale,33.33,,1600000,gross_whole_asset_valuation,,,3000000,reported_accounting_disposition_gain,seller_share,,,completed_positive_reported_gain,https://www.sec.gov/Archives/edgar/data/1040971/000104097122000014/R49.htm,"Disposition table for 2021, 2020 and 2019; values in millions",2026-10-03,"Original purchase price, complete holding-period cash flows, financing costs, taxes and overhead are not disclosed in this selected transaction record. Reported gain is not cash profit or IRR. Table gains are seller share and may reflect transaction accounting beyond gross asset valuation; never infer a negative cost basis from subtraction. Subsequent expense adjustments are excluded.",09-Closed-Deals/deal-0037 333 East 22nd Street 33.33 percent sale.md
deal-0038,21 East 66th Street one residential unit,SL Green Realty,"New York, NY",,2019-12,month,joint_venture_interest_sale,,,2900000,gross_whole_asset_valuation,,,300000,reported_accounting_disposition_gain,seller_share,,,completed_positive_reported_gain,https://www.sec.gov/Archives/edgar/data/1040971/000104097122000014/R49.htm,"Disposition table for 2021, 2020 and 2019; values in millions",2026-10-03,"Original purchase price, complete holding-period cash flows, financing costs, taxes and overhead are not disclosed in this selected transaction record. Reported gain is not cash profit or IRR. Table gains are seller share and may reflect transaction accounting beyond gross asset valuation; never infer a negative cost basis from subtraction. Subsequent expense adjustments are excluded.",09-Closed-Deals/deal-0038 21 East 66th Street one residential unit.md
deal-0039,521 Fifth Avenue 50.50 percent sale,SL Green Realty,"New York, NY",,2019-05,month,joint_venture_interest_sale,50.5,,381000000,gross_whole_asset_valuation,,,57900000,reported_accounting_disposition_gain,seller_share,,,completed_positive_reported_gain,https://www.sec.gov/Archives/edgar/data/1040971/000104097122000014/R49.htm,"Disposition table for 2021, 2020 and 2019; values in millions",2026-10-03,"Original purchase price, complete holding-period cash flows, financing costs, taxes and overhead are not disclosed in this selected transaction record. Reported gain is not cash profit or IRR. Table gains are seller share and may reflect transaction accounting beyond gross asset valuation; never infer a negative cost basis from subtraction. Subsequent expense adjustments are excluded.",09-Closed-Deals/deal-0039 521 Fifth Avenue 50.50 percent sale.md
deal-0040,131-137 Spring Street 20 percent sale,SL Green Realty,"New York, NY",,2019-01,month,joint_venture_interest_sale,20.0,,216000000,gross_whole_asset_valuation,,,17700000,reported_accounting_disposition_gain,seller_share,,,completed_positive_reported_gain,https://www.sec.gov/Archives/edgar/data/1040971/000104097122000014/R49.htm,"Disposition table for 2021, 2020 and 2019; values in millions",2026-10-03,"Original purchase price, complete holding-period cash flows, financing costs, taxes and overhead are not disclosed in this selected transaction record. Reported gain is not cash profit or IRR. Table gains are seller share and may reflect transaction accounting beyond gross asset valuation; never infer a negative cost basis from subtraction. Subsequent expense adjustments are excluded.",09-Closed-Deals/deal-0040 131-137 Spring Street 20 percent sale.md
deal-0041,Hillsdale Garden 81.5 percent interest,Essex Property Trust,California,,2024-10,month,consolidated_interest_sale,81.5,697,252400000,gross_contract_price,,,175600000,reported_accounting_disposition_gain,consolidated_reported,,,completed_positive_reported_gain,https://www.sec.gov/Archives/edgar/data/920522/000092052225000024/R19.htm,Note Dispositions of Real Estate Interests; USD millions,2026-10-03,"Original purchase price, complete holding-period cash flows, financing costs, taxes and overhead are not disclosed in this selected transaction record. Reported gain is not cash profit or IRR. Pro-rata contract price separately disclosed as USD 205,700,000. Reported consolidated gain must not be treated as an 81.5 percent cash-profit distribution.",09-Closed-Deals/deal-0041 Hillsdale Garden 81.5 percent interest.md
deal-0042,Dabney East,Brandywine Realty Trust,"Richmond, VA",2023-12-27,2023-12-27,day,land_sale,,,1600000,gross_sales_price,,,430000,reported_accounting_disposition_gain,consolidated_reported,,,completed_positive_reported_gain,https://www.sec.gov/Archives/edgar/data/1060386/000079081624000014/R46.htm,"Real Estate Investments, Schedule of Office Properties Sold and footnotes; values USD thousands",2026-10-03,"Original purchase price, complete holding-period cash flows, financing costs, taxes and overhead are not disclosed in this selected transaction record. Reported gain is not cash profit or IRR. Table gain is reported net of closing and other transaction-related costs. Interest percentage is not specified in the selected table. Full investment cash profit is still unavailable.",09-Closed-Deals/deal-0042 Dabney East.md
deal-0043,Byberry,Brandywine Realty Trust,"Philadelphia, PA",2023-12-07,2023-12-07,day,land_purchase_option_sale,,,9641000,gross_sales_price,,,3960000,reported_accounting_disposition_gain,consolidated_reported,,,completed_positive_reported_gain,https://www.sec.gov/Archives/edgar/data/1060386/000079081624000014/R46.htm,"Real Estate Investments, Schedule of Office Properties Sold and footnotes; values USD thousands",2026-10-03,"Original purchase price, complete holding-period cash flows, financing costs, taxes and overhead are not disclosed in this selected transaction record. Reported gain is not cash profit or IRR. Table gain is reported net of closing and other transaction-related costs. Interest percentage is not specified in the selected table. Full investment cash profit is still unavailable.",09-Closed-Deals/deal-0043 Byberry.md
deal-0044,200 N Radnor Chester Road,Brandywine Realty Trust,"Radnor, PA",2023-10-31,2023-10-31,day,retail_asset_sale,,,14200000,gross_sales_price,,,7735000,reported_accounting_disposition_gain,consolidated_reported,,,completed_positive_reported_gain,https://www.sec.gov/Archives/edgar/data/1060386/000079081624000014/R46.htm,"Real Estate Investments, Schedule of Office Properties Sold and footnotes; values USD thousands",2026-10-03,"Original purchase price, complete holding-period cash flows, financing costs, taxes and overhead are not disclosed in this selected transaction record. Reported gain is not cash profit or IRR. Table gain is reported net of closing and other transaction-related costs. Interest percentage is not specified in the selected table. Full investment cash profit is still unavailable.",09-Closed-Deals/deal-0044 200 N Radnor Chester Road.md
deal-0045,200 Barr Harbor Drive,Brandywine Realty Trust,"West Conshohocken, PA",2022-11-22,2022-11-22,day,office_asset_sale,,,30500000,gross_sales_price,,,8740000,reported_accounting_disposition_gain,consolidated_reported,,,completed_positive_reported_gain,https://www.sec.gov/Archives/edgar/data/1060386/000079081624000014/R46.htm,"Real Estate Investments, Schedule of Office Properties Sold and footnotes; values USD thousands",2026-10-03,"Original purchase price, complete holding-period cash flows, financing costs, taxes and overhead are not disclosed in this selected transaction record. Reported gain is not cash profit or IRR. Table gain is reported net of closing and other transaction-related costs. Interest percentage is not specified in the selected table. Full investment cash profit is still unavailable.",09-Closed-Deals/deal-0045 200 Barr Harbor Drive.md
deal-0046,Gibbsboro Portfolio,Brandywine Realty Trust,"Gibbsboro, NJ",2022-06-28,2022-06-28,day,portfolio_asset_sale,,,4100000,gross_sales_price,,,831000,reported_accounting_disposition_gain,consolidated_reported,,,completed_positive_reported_gain,https://www.sec.gov/Archives/edgar/data/1060386/000079081624000014/R46.htm,"Real Estate Investments, Schedule of Office Properties Sold and footnotes; values USD thousands",2026-10-03,"Original purchase price, complete holding-period cash flows, financing costs, taxes and overhead are not disclosed in this selected transaction record. Reported gain is not cash profit or IRR. Table gain is reported net of closing and other transaction-related costs. Interest percentage is not specified in the selected table. Full investment cash profit is still unavailable.",09-Closed-Deals/deal-0046 Gibbsboro Portfolio.md
deal-0047,25 M Street,Brandywine Realty Trust,"Washington, DC",2022-04-14,2022-04-14,day,land_sale,,,29675000,gross_sales_price,,,3836000,reported_accounting_disposition_gain,consolidated_reported,,,completed_positive_reported_gain,https://www.sec.gov/Archives/edgar/data/1060386/000079081624000014/R46.htm,"Real Estate Investments, Schedule of Office Properties Sold and footnotes; values USD thousands",2026-10-03,"Original purchase price, complete holding-period cash flows, financing costs, taxes and overhead are not disclosed in this selected transaction record. Reported gain is not cash profit or IRR. Table gain is reported net of closing and other transaction-related costs. Interest percentage is not specified in the selected table. Full investment cash profit is still unavailable.",09-Closed-Deals/deal-0047 25 M Street.md
deal-0048,Gateway G and H,Brandywine Realty Trust,"Richmond, VA",2022-01-20,2022-01-20,day,land_sale,,,1600000,gross_sales_price,,,897000,reported_accounting_disposition_gain,consolidated_reported,,,completed_positive_reported_gain,https://www.sec.gov/Archives/edgar/data/1060386/000079081624000014/R46.htm,"Real Estate Investments, Schedule of Office Properties Sold and footnotes; values USD thousands",2026-10-03,"Original purchase price, complete holding-period cash flows, financing costs, taxes and overhead are not disclosed in this selected transaction record. Reported gain is not cash profit or IRR. Table gain is reported net of closing and other transaction-related costs. Interest percentage is not specified in the selected table. Full investment cash profit is still unavailable.",09-Closed-Deals/deal-0048 Gateway G and H.md
deal-0049,1100 Lenox Drive,Brandywine Realty Trust,"Lawrenceville, NJ",2021-09-08,2021-09-08,day,land_sale,,,2575000,gross_sales_price,,,68000,reported_accounting_disposition_gain,consolidated_reported,,,completed_positive_reported_gain,https://www.sec.gov/Archives/edgar/data/1060386/000079081624000014/R46.htm,"Real Estate Investments, Schedule of Office Properties Sold and footnotes; values USD thousands",2026-10-03,"Original purchase price, complete holding-period cash flows, financing costs, taxes and overhead are not disclosed in this selected transaction record. Reported gain is not cash profit or IRR. Table gain is reported net of closing and other transaction-related costs. Interest percentage is not specified in the selected table. Full investment cash profit is still unavailable.",09-Closed-Deals/deal-0049 1100 Lenox Drive.md
deal-0050,2100-2200 Lenox Drive,Brandywine Realty Trust,"Lawrenceville, NJ",2021-07-06,2021-07-06,day,land_sale,,,8900000,gross_sales_price,,,842000,reported_accounting_disposition_gain,consolidated_reported,,,completed_positive_reported_gain,https://www.sec.gov/Archives/edgar/data/1060386/000079081624000014/R46.htm,"Real Estate Investments, Schedule of Office Properties Sold and footnotes; values USD thousands",2026-10-03,"Original purchase price, complete holding-period cash flows, financing costs, taxes and overhead are not disclosed in this selected transaction record. Reported gain is not cash profit or IRR. Table gain is reported net of closing and other transaction-related costs. Interest percentage is not specified in the selected table. Full investment cash profit is still unavailable.",09-Closed-Deals/deal-0050 2100-2200 Lenox Drive.md
deal-0051,3025 JFK Boulevard,Brandywine Realty Trust,"Philadelphia, PA",2021-02-02,2021-02-02,day,leasehold_interest_sale,,,34800000,gross_sales_price,,,2000000,reported_accounting_disposition_gain,consolidated_reported,,,completed_positive_reported_gain,https://www.sec.gov/Archives/edgar/data/1060386/000079081624000014/R46.htm,"Real Estate Investments, Schedule of Office Properties Sold and footnotes; values USD thousands",2026-10-03,"Original purchase price, complete holding-period cash flows, financing costs, taxes and overhead are not disclosed in this selected transaction record. Reported gain is not cash profit or IRR. Table gain is reported net of closing and other transaction-related costs. Interest percentage is not specified in the selected table. Full investment cash profit is still unavailable.",09-Closed-Deals/deal-0051 3025 JFK Boulevard.md
deal-0052,3151 Market Street JV contribution,Brandywine Realty Trust,"Philadelphia, PA",2022-07-14,2022-07-14,day,joint_venture_non_cash_contribution,,,30394000,deemed_contribution_value,,,2583000,reported_accounting_disposition_gain,consolidated_reported,,,completed_non_cash_contribution_positive_reported_gain,https://www.sec.gov/Archives/edgar/data/1060386/000079081624000014/R46.htm,"Real Estate Investments, Schedule of Office Properties Sold and footnotes; values USD thousands",2026-10-03,"Original purchase price, complete holding-period cash flows, financing costs, taxes and overhead are not disclosed in this selected transaction record. Reported gain is not cash profit or IRR. Completed contribution and deconsolidation with recognized gain; it is not a cash sale or realized investor cash profit.",09-Closed-Deals/deal-0052 3151 Market Street JV contribution.md
deal-0053,11501 Burnett Road JV contribution,Brandywine Realty Trust,"Austin, TX",2022-07-29,2022-07-29,day,joint_venture_non_cash_contribution,,,32513000,deemed_contribution_value,,,8340000,reported_accounting_disposition_gain,consolidated_reported,,,completed_non_cash_contribution_positive_reported_gain,https://www.sec.gov/Archives/edgar/data/1060386/000079081624000014/R46.htm,"Real Estate Investments, Schedule of Office Properties Sold and footnotes; values USD thousands",2026-10-03,"Original purchase price, complete holding-period cash flows, financing costs, taxes and overhead are not disclosed in this selected transaction record. Reported gain is not cash profit or IRR. Completed contribution and deconsolidation with recognized gain; it is not a cash sale or realized investor cash profit.",09-Closed-Deals/deal-0053 11501 Burnett Road JV contribution.md
